{
  "drive": {
    "p": 0.020645,
    "i": 0,
    "d": 0,
    "f": 0,
    "iz": 0.0
  },
  "angle": {
    "p": 0.55454,
    "i": 0.0,
    "d": 0.40275,
    "f": 0.0,
    "iz": 0.0
  }
}